"Gender","Female","Female"
"Gender","F","Female"
"Gender","Female 1","Female"
"Gender","Female male","Female"
"Gender","Female1","Female"
"Gender","Femenino","Female"
"Gender","Feminin","Female"
"Gender","Féminin","Female"
"Gender","Feminino","Female"
"Gender","Femme","Female"
"Gender","Femmina","Female"
"Gender","Férfinemu","Female"
"Gender","Kadın","Female"
"Gender","Kobieta","Female"
"Gender","Kona","Female"
"Gender","Kvinde","Female"
"Gender","Kvinna","Female"
"Gender","Kvinne","Female"
"Gender","Miss","Female"
"Gender","Mrs","Female"
"Gender","Ms","Female"
"Gender","Mujer","Female"
"Gender","nainen","Female"
"Gender","Nő","Female"
"Gender","Vrouw","Female"
"Gender","Vrouwelijk","Female"
"Gender","Wanita","Female"
"Gender","Weiblich","Female"
"Gender","Žena","Female"
"Gender","Ženski","Female"
"Gender","Ženský","Female"
"Gender","Γυναίκα","Female"
"Gender","Женский","Female"
"Gender","女","Female"
"Gender","Male","Male"
"Gender","Erkek","Male"
"Gender","Férfi","Male"
"Gender","Hombre","Male"
"Gender","Homme","Male"
"Gender","Karl","Male"
"Gender","M","Male"
"Gender","Male 1","Male"
"Gender","Male maLE","Male"
"Gender","Male1","Male"
"Gender","Man","Male"
"Gender","Mand","Male"
"Gender","Mann","Male"
"Gender","Mannelijk","Male"
"Gender","Männlich","Male"
"Gender","Maschio","Male"
"Gender","Masculin","Male"
"Gender","Masculino","Male"
"Gender","mees","Male"
"Gender","Mezczyzna","Male"
"Gender","Mężczyzna","Male"
"Gender","mies","Male"
"Gender","Mr","Male"
"Gender","Muški","Male"
"Gender","Muž","Male"
"Gender","Mužský","Male"
"Gender","Pria","Male"
"Gender","Άνδρας","Male"
"Gender","Мужской","Male"
"Gender","男","Male"
"Gender","Other/Prefer Not To Answer","Other/Prefer Not To Answer"
"Gender","(Not Selected)","Other/Prefer Not To Answer"
"Gender","?","Other/Prefer Not To Answer"
"Gender","??","Other/Prefer Not To Answer"
"Gender","?? ??","Other/Prefer Not To Answer"
"Gender","?? ???????","Other/Prefer Not To Answer"
"Gender","???","Other/Prefer Not To Answer"
"Gender","??? ????","Other/Prefer Not To Answer"
"Gender","????","Other/Prefer Not To Answer"
"Gender","???? ??? ???????","Other/Prefer Not To Answer"
"Gender","?????","Other/Prefer Not To Answer"
"Gender","???????","Other/Prefer Not To Answer"
"Gender","?????????","Other/Prefer Not To Answer"
"Gender","????????? ?? ?????????","Other/Prefer Not To Answer"
"Gender","???????????","Other/Prefer Not To Answer"
"Gender","Bay","Other/Prefer Not To Answer"
"Gender","Bayan","Other/Prefer Not To Answer"
"Gender","Belirtilmemis","Other/Prefer Not To Answer"
"Gender","Bez odgovora","Other/Prefer Not To Answer"
"Gender","Erre inkább nem válaszolnék","Other/Prefer Not To Answer"
"Gender","gender","Other/Prefer Not To Answer"
"Gender","I do not want to provide this information","Other/Prefer Not To Answer"
"Gender","I do not wish to respond","Other/Prefer Not To Answer"
"Gender","I prefer not to answer","Other/Prefer Not To Answer"
"Gender","I prefer not to provide this ","Other/Prefer Not To Answer"
"Gender","I prefer not to respond","Other/Prefer Not To Answer"
"Gender","Ich bevorzuge, diese Information nicht anzugeben","Other/Prefer Not To Answer"
"Gender","Ik wil deze informatie liever niet geven","Other/Prefer Not To Answer"
"Gender","Je préfère ne pas donner cette information","Other/Prefer Not To Answer"
"Gender","Jeg ønsker ikke å oppgi denne informasjonen.","Other/Prefer Not To Answer"
"Gender","Karlkyns","Other/Prefer Not To Answer"
"Gender","Kvenkyns","Other/Prefer Not To Answer"
"Gender","Kýs að svara ekki","Other/Prefer Not To Answer"
"Gender","Möchte ich nicht beantworten","Other/Prefer Not To Answer"
"Gender","naine","Other/Prefer Not To Answer"
"Gender","Nespecificat","Other/Prefer Not To Answer"
"Gender","Neuvedené","Other/Prefer Not To Answer"
"Gender","Nie podano","Other/Prefer Not To Answer"
"Gender","Niet ingevuld","Other/Prefer Not To Answer"
"Gender","None Specified","Other/Prefer Not To Answer"
"Gender","Nonemu","Other/Prefer Not To Answer"
"Gender","Not Applicable","Other/Prefer Not To Answer"
"Gender","Not Specified","Other/Prefer Not To Answer"
"Gender","Not Stated","Other/Prefer Not To Answer"
"Gender","Not Stated 1","Other/Prefer Not To Answer"
"Gender","Pan","Other/Prefer Not To Answer"
"Gender","Pani","Other/Prefer Not To Answer"
"Gender","Perferisco non rispondere","Other/Prefer Not To Answer"
"Gender","pole teada","Other/Prefer Not To Answer"
"Gender","Prefer Not To Answer","Other/Prefer Not To Answer"
"Gender","Prefer not to disclose","Other/Prefer Not To Answer"
"Gender","Prefer not to say","Other/Prefer Not To Answer"
"Gender","Prefere não responder","Other/Prefer Not To Answer"
"Gender","Preferiria não dizer","Other/Prefer Not To Answer"
"Gender","Preferisco non rispondere","Other/Prefer Not To Answer"
"Gender","Prefernottoanswer","Other/Prefer Not To Answer"
"Gender","Prefiere no responder","Other/Prefer Not To Answer"
"Gender","Prefiero no facilitar esa información","Other/Prefer Not To Answer"
"Gender","Seleccionar","Other/Prefer Not To Answer"
"Gender","Select","Other/Prefer Not To Answer"
"Gender","test","Other/Prefer Not To Answer"
"Gender","test1","Other/Prefer Not To Answer"
"Gender","test2","Other/Prefer Not To Answer"
"Gender","Unspecified","Other/Prefer Not To Answer"
"Gender","Vælg","Other/Prefer Not To Answer"
"Gender","Valitse","Other/Prefer Not To Answer"
"Gender","Velg","Other/Prefer Not To Answer"
"Gender","Wole nie odpowiadac","Other/Prefer Not To Answer"
"Gender","Wole nie podawac","Other/Prefer Not To Answer"
"Gender","Επιλέξτε","Other/Prefer Not To Answer"
"Gender","선택","Other/Prefer Not To Answer"
"Gender","选择","Other/Prefer Not To Answer"
"Gender","選擇","Other/Prefer Not To Answer"
